Review,Sentiment
wow love place,1
crust not good,0
not tasty texture nasty,0
stop late bank holiday rick steve recommendation love,1
selection menu great price,1
get angry want damn pho,0
honeslty nt taste fresh,0
potato like rubber tell ahead time kept warmer,0
fry great,1
great touch,1
service prompt,1
not,0
cashier no care end wayyy overprice,0
try cape cod ravoli chickenwith cranberrymmmm,1
disgust pretty sure human hair,0
shock no sign indicate cash,0
highly recommend,1
waitress little slow service,0
place not worth time let vega,0
not like,0
burrittos blah,0
food amaze,1
service cute,1
care interior beautiful,1
perform,1
s rightthe red velvet cakeohhh stuff good,1
never brought salad ask,0
hole wall great mexican street taco friendly staff,1
take hour food table restaurant food luke warm sever run like totally overwhelmed,0
bad salmon sashimi,0
combo like burger fry beer decent deal,1
like final blow,0
found place accident not happier,1
like good quick place grab bite familiar pub food favor look,0
overall like place lot,1
redeem quality restaurant inexpensive,1
ample portion good price,1
poor service waiter feel like stupid time come table,0
visit hiro delight,1
service suck,0
shrimp tender moist,1
not deal good drag establishment,0
hard judge side good gross melt styrofoam nt want eat fear get sick,0
positive note server attentive provide great service,1
frozen puck disgust bad people register,0
thing like prime rib dessert section,1
bad food damn generic,0
burger good beef cooked right,1
want sandwich firehouse,1
greek salad greek dress tasty pita hummus refresh,1
order duck rare pink tender inside nice char outside,1
come run realize husband left sunglass table,1
chow mein good,1
horrible attitude customer talk customer nt enjoy food,0
portion huge,1
love itfriendly server great food wonderful imaginative menu,1
heart attack grill downtown vega absolutely flatlined excuse restaurant,0
not seafood like string pasta,0
salad right sauce not power scallop perfectly cooked,1
ripped banana not ripped petrify tasteless,0
think refill water struggle wave minute,0
place receives star appetizer,1
cocktail handmade delicious,1
d definitely,1
glad found place,1
great food service huge portion military discount,1
great time do gringo,1
updatewent second time amaze,1
get food apparently never heard salt batter fish chewy,0
great way finish great,1
deal include tasting drink jeff go expect,1
good rice time,1
service meh,0
take min milkshake chocolate milk,0
guess know place suck inside excalibur nt use common sense,0
scallop dish appal value,0
time bad customer service,0
sweet potato fry good season,1
today second time ve lunch buffet pretty good,1
good food vega feel cheat waste eat opportunity go rice company,0
come like experience underwhelming relationship party nt wait person ask break,0
walk place smell like old grease trap eat,0
turkey roast beef bland,0
place,1
pan cake rave taste like sugary disaster tailor palate year old,0
love pho spring roll oh yummy try,1
poor batter meat ratio chicken tender unsatisfying,0
food amaze,1
omelet die,1
fresh delicious,1
summary largely disappoint din experience,0
like sexy party mouth outrageously flirt hottest person party,1
never hard rock casino never step forward,0
best breakfast buffet,1
bye bye tip lady,0
never,0
,1
food arrive quickly,1
not good,0
cafe serf good food,1
server fantastic found wife love roast garlic bone marrow add extra meal marrow,1
good thing waiter helpful kept bloddy mary come,1
best buffet town price not beat,1
love mussel cooked wine reduction duck tender potato dish delicious,1
well buffet,1
go tigerlilly fantastic afternoon,1
food delicious bartender attentive personable get great deal,1
ambience wonderful music play,1
trip,1
sooooo good,1
real sushi lover let honest yama not good,0
min pass order food arrive nt busy,0
fantastic thai restaurant definitely worth visit,1
nice spicy tender,1
good price,1
check,1
pretty gross,0
ve well atmosphere,0
kind hard mess steak,0
like look sound place actual experience bit disappoint,0
nt know place manage serve blandest food eat prepare indian cuisine,0
bad service boot worry,0
service fine waitress friendly,1
guy steak steak love son steak best bad place say best steak s eat,1
thought d venture away good sushi place hit spot night,1
host staff lack well word bitch,0
bland not like place number reason nt want waste time bad review ill leave,0
phenomenal food service ambiance,1
nt return,0
definitely worth venture strip pork belly return time m vega,1
place way overprice mediocre food,0
penne vodka excellent,1
good selection food include massive meatloaf sandwich crispy chicken wrap delish tuna melt tasty burger,1
management rude,0
delicious nyc bagel good selection cream cheese real lox caper,1
great subway fact good come subway not meet expectation,1
seriously solid breakfast,1
best bar food vega,1
extremely rude restaurant love dine weekend vega,0
drink never great menu suggestion,1
nt,0
waiter nt helpful friendly rarely checked,0
husband ate lunch disappointed food service,0
red curry bamboo shoot nt tasty,0
nice blanket moz feel like cover subpar food,1
bathroom clean place decorate,1
menu change food quality go service extremely slow,0
service little slow consider serve people server food come slow pace,0
thumb,0
watch waiter pay lot attention table ignore,0
fiancé come middle day greet seat right away,1
great restaurant mandalay bay,1
wait minute vain,0
crostini come salad stale,0
highlight great quality nigiri,1
staff friendly joint clean,1
different cut piece day wonderful tender s flavor,1
order voodoo pasta time d excellent pasta go gluten free year ago,1
place good,1
unfortunately hit bakery leftover day order stale,0
come today relocate not impressed,0
seat immediately,1
menu diverse reasonably price,1
avoid cost,0
restaurant never wait,1
delicious,1
place handsdown best place eat phoenix metro area,1
nt look good food,0
ve never treat bad,0
bacon hella salty,1
order spinach avocado salad ingredient sad dress literally zero taste,0
vega fine din right menu hand lady no price list,1
waitress friendly,1
lordy khao soi dish not miss curry lover,1
menu terrific thrill amaze accommodation vegetarian daughter,1
caught night judging review m not inspire,0
service leaf lot desire,0
atmosphere modern hip maintain touch coziness,1
not weekly haunt definitely place come,1
literally sat minute no ask order,0
burger absolutely no flavor meat totally bland burger overcook no charcoal flavor,0
decide not send waitress look like verge have heart attack,0
dress treat rudely,0
probably dirt,0
love place hit spot want healthy not lack quantity flavor,1
order lemon raspberry ice cocktail incredible,1
food suck expect suck imagine,0
interest decor,1
like crepe station,1
serve hot bread butter home potato chip bacon bit topvery original good,1
watch prepare delicious food,1
egg roll fantastic,1
order arrive gyro miss,0
salad wing ice cream dessert left feel satisfied,1
m not sure joeys vote best hot dog valley reader phoenix magazine,0
best place tasty bowl pho,1
live music friday totally blow,0
ve never insult felt disrespect,0
friendly staff,1
worth drive,1
heard good thing place exceed hope dream,1
food great serivce,1
warm beer nt help,0
great brunch spot,1
service friendly invite,1
good lunch spot,1
ve live time ve step foot place,0
bad experience,0
night place,0
side delish mixed mushroom yukon gold puree white corn beateous,1
bug never show give sure wall bug climb kitchen,0
minute wait salad realize nt come time soon,0
friend love salmon tartar,1
wo nt,0
extremely tasty,1
waitress good,1
soggy not good,0
jamaican mojitos delicious,1
small not worth price,0
food rich order accordingly,1
shower area outside rinse not shower nt mind nude,0
service bit lack,0
lobster bisque bussell sprout risotto filet need salt pepperand course table,0
hopefully bodes go business cook come,0
cold not flavor bad,0
love bacon wrap date,1
unbelievable bargain,1
folk otto feel welcome special,1
main uninspired,0
place pho amaze,1
wonderful experience place muststop town,1
food nt bad enjoy deal world worstannoying drunk people,0
fun chef,1
order double cheeseburger get single patty fall apart picture uploaded yeah suck,0
great place couple drink watch sport event wall cover tv,1
possible zero star d,0
description say yum yum sauce say eel sauce say spicy mayowell roll sauce,0
d hardest decision honestly m dish taste suppose taste amaze,1
not roll eye stayed not sure try,0
attentive provide excellent customer service,1
horrible nt waste time money,0
dish flavourful,1
time restaurant no excuse,0
nt busy building freeze cold,0
like reviewer say nt pay eat place,0
drink take close minute come point,0
seriously flavorful delight folk,1
well ayce sushi place go vega,1
light dark set mood,1
base subpar service receive no effort gratitude business wo nt go,0
owner great people,1
privileged workingeating,0
greek dress creamy flavorful,1
overall nt think parent place similar complaint silently felt,0
pizza good peanut sauce tasty,1
table service pretty fast,1
fantastic service,1
ve give godfather zero star possible,0
know,1
tough short flavor,0
hope place stick,1
bar vega not recall charge tap water,0
restaurant atmosphere exquisite,1
good service clean inexpensive boot,1
seafood fresh generous portion,1
plus buck,1
service not par,0
far visit twice food absolutely delicious time,1
good year ago,1
self proclaim coffee cafe wildly disappointed,0
veggitarian platter world,1
nt wrong food,1
nt beat,1
stop place madison ironman friendly kind staff,1
chef friendly good job,1
ve well not dedicate boba tea spot jenni pho,0
like patio service outstanding,1
goat taco nt skimp meat wow flavor,1
think not,0
mac salad pretty bland not get,0
go bachi burger friend recommendation not disappointed,1
service stink,0
wait wait,0
place not quality sushi not quality restaurant,0
definitely recommend wing pizza,1
great pizza salad,1
thing go wrong burn saganaki,0
wait hour breakfast time well home,0
place amaze,1
hate disagree fellow yelpers husband disappointed place,0
wait hour never get pizza come later,0
nt know slow,0
staff great food delish incredible beer selection,1
live neighborhood disappointed wo nt convenient location,0
nt know pull pork soooo delicious,1
incredibly fresh fish prepared care,1
give star rating know time eat bachi burger write review,0
love fact menu worth,1
never din place,0
food excellent service good,1
good beer drink selection good food selection,1
stay away shrimp stir fry noodle,0
potato chip order sad probably count chip box probably,0
food boring,0
good servicecheck,1
greedy corporation never dime,0
never,0
d like nt pass atrocious service never return,0
summer dine charm outdoor patio delightful,1
not expect good,1
fantastic food,1
order toast english muffin come untoasted,0
food good,1
never go,0
great food price high quality house,1
bus boy hand rude,0
point friend basically figure place joke nt mind make publicly loudly know,0
good bbq lighter fare reasonable pricing tell public old way,1
consider left happy nt wrong,1
bread inhouse,1
downside service,0
fry doubt bad fry ve,0
service exceptional food good review,1
couple month later return amaze meal,1
favorite place town shawarrrrrrma,1
black eyed pea sweet potato unreal,1
wo nt disappointed,1
serve vinaigrette well overall dish good,1
far place ve never see restaurant serf egg breakfast especially,0
mom get home immediately get sick bite salad,0
server not pleasant deal nt honor pizza hut coupon,0
truly unbelievably good glad go,1
fantastic service pleased atmosphere,1
gross,0
love place,1
great service food,1
bathroom location dirty seat cover not replenish plain yucky,0
burger get gold standard burger kind disappointed,0
omg food delicioso,1
authentic place,0
spaghetti special whatsoever,0
dish salmon best great,1
vegetable fresh sauce feel like authentic thai,1
worth drive tucson,1
selection probably bad ve see vegasthere,0
pretty good beer selection,1
place like chipotle well,1
classywarm atmosphere fun fresh appetizer succulent steak baseball steak,1
star brick oven bread app,1
eat multiple time time food delicious,1
sat minute finally give left,0
terrible,0
treat equally special,1
nt min pancake egg,0
delicious,1
good staff genuinely pleasant enthusiastic real treat,1
sadly gordon ramseys steak place shall sharply avoid trip vega,0
even wonderful food delicious,1
best fish ve life,1
bathroom door nice,1
buffet small food offer bland,0
outstanding little restaurant best food taste,1
pretty cool,1
definitely turn doubt ill buying,0
server great job handle large rowdy table,1
find waste food despicable nt food,0
wife lobster bisque soup lukewarm,0
come sushi crave vega,1
staff great ambiance great,1
deserves star,1
left stomach ache felt sick rest day,0
drop ball,0
din space tiny elegantly decorate comfortable,1
customize order way d like usual eggplant green bean stir fry love,1
bean rice mediocre best,0
best taco town far,1
take money get outta,0
interest town place amaze,1
rude inconsiderate management,0
staff not friendly wait time serve horrible no say hi minute,0
wo nt,0
great dinner,1
service outshine definitely recommend halibut,1
food terrible,0
never told people happen,0
nt recommend car break starve,0
come time m vega,1
place deserves star food,0
disgrace,0
def come bowl time,1
want healthy authentic ethic food try place,1
continue come lady night andddd date night highly recommend place area,1
time past experience great,1
walk away stuffed happy vega buffet experience,1
service excellent price pretty reasonable consider vega locate inside crystal shopping mall aria,1
summarize food incredible nay transcendant brings joy like memory pneumatic condiment dispenser,1
m probably people ians not like,0
kid pizza hit lot great dish option kiddos,1
service perfect family atmosphere nice,1
cooked perfection service impeccable,1
simply disappointment,0
overall disappointed quality food bouchon,0
nt accountant know m get screw,0
great place eat reminds little mom pop shop san francisco bay area,1
today taste buldogis gourmet hot dog tell thought possible,1
left frustrate,0
ill definitely soon,1
food good get petty fast,1
service fantastic,1
total waste time,0
nt know kind best iced tea,1
come hungry leave happy stuffed,1
service no star,0
assure wo nt disappointed,1
little bad service food suck,0
give try eat crust teeth sore,0
completely gross,0
enjoy eat,1
time go think quickly regular,1
server nice look little overwhelmed need stayed professional friendly end,1
dinner companion told meeverything fresh nice texture taste,1
ground right table large smear beensteppedinandtrackedeverywhere pile green bird poop,0
furthermore nt find hour operation website,0
ve try like place time think,0
mistake,0
no complaint,1
seriously good pizza m expertconnisseur topic,1
waiter jerk,0
strike want rush,0
nice restaurant owner ve come,1
never come,0
love biscuit,1
service quick friendly,1
order appetizer take minute pizza minute,0
absolutley fantastic,1
huge awkward lb piece cow th gristle fat,0
definitely come,1
like steiner dark feel like bar,1
wow spicy delicious,1
not familiar check,1
ill business dinner dollar,0
d love,1
f restaurant wonderful breakfastlunch,1
special,0
day week different deal delicious,1
not mention combination pear almond bacon big winner,1
not,0
sauce tasteless,0
food delicious spicy sure ask spicier prefer way,1
ribeye steak cooked perfectly great mesquite flavor,1
nt think go anytime soon,0
food gooodd,1
far sushi connoisseur definitely tell difference good food bad food certainly bad food,0
insult,0
time lunch bad,0
chicken wing contain driest chicken meat eat,0
food good enjoy mouthful enjoyable relaxed venue couple small family group etc,1
nargile think great,1
best tater tot southwest,1
love place,1
definitely not worth paid,0
vanilla ice cream creamy smooth profiterole chou pastry fresh,1
m az time new spot,1
manager bad,0
inside nice clean,1
food outstanding price reasonable,1
nt think ill run carlys anytime soon food,0
fact take minute acknowledge minute foodand kept forget thing,0
love margarita,1
vega buffet not disappoint,1
good,1
note ventilation use upgrade,0
great pork sandwich,1
nt waste time,0
total letdown camelback flower shop cartel coffee,0
cheese friend burger cold,0
enjoy pizza brunch,1
steak trim perfectly cooked,1
group claimed handle beautifully,1
love,1
ask bill leave eat nt bring,0
place jewel la vega exactly ve hop find nearly year living,1
seafood limited boil shrimp crab leg crab leg definitely not taste fresh,0
selection food not best,0
delicious absolutely,1
nt small family restaurant fine din establishment,1
toro tartare cavier extraordinary like thinly slice wagyu white truffle,1
nt think long time,0
attach gas station rarely good sign,0
awesome,1
time soon,1
menu good stuff not decide,1
bad humiliate worker right mebunch horrible calling,0
conclusion fill meal,1
daily special hit group,1
tragedy struck,0
pancake good pretty large,1
crawfish experience delicious,1
monster chicken fry steak egg time favorite,1
waitress sweet funny,1
taste mom multigrain pumpkin pancake pecan butter amaze fluffy delicious,1
d eat airline food seriously,0
nt good thing place,1
ambiance incredible,1
waitress manager friendly,1
not recommend place,0
overall nt impressed noca,0
gyro basically lettuce,0
terrible service,0
thoroughly disappointed,0
nt pasta love homemade hand pasta thin pizza,1
try happy,1
far best cheesecurds,1
reasonably price,1
perfect night,1
food good typical bar food,1
drive,0
glance lovely bakery cafe nice ambiance clean friendly staff,1
not think,0
point finger item menu order wo nt disappointed,1
oh thing beauty restaurant,1
nt go,1
greasy unhealthy meal,0
time,0
burger amaze,1
similarly delivery man not word apology food minute late,0
way expensive,0
sure order dessert need pack togo tiramisu cannoli die,1
time nt wait,1
bartender nice,1
good tasty,1
place thumb upway,1
best place vega breakfast check sat sun,1
love authentic mexican food want bunch interest delicious meat choose need try place,1
terrible management,0
excellent new restaurant experienced frenchman,1
zero star zero star,0
great steak great side great wine amaze dessert,1
bad martini,0
steak shrimp opinion best entree gc,1
opportunity today sample amaze pizza,1
wait thirty minute seat vacant table folk wait,0
yellowtail carpaccio melt mouth fresh,1
wo nt try go,0
no m go eat potato found stranger hair,0
spicy perfect actually,1
night second time din happy decide,1
not hello right,0
dessert bit strange,0
boyfriend come time recent trip vega not pleased quality food service,1
recommend place wrong donut place,1
nice ambiance,1
recommend save room,1
guess maybe go night disgraceful,0
recent experience particular location not good,0
know not like restaurant,0
avoid establishment,0
think restaurant suffers not try hard,0
tapa dish delicious,1
heart place,1
salad bland vinegrette baby green heart palm,0
felt disgust,0
good time,1
believe place great stop huge belly hanker sushi,1
generous portion great taste,1
never place never recommend place,0
server go forth time not help,0
food delicious,1
hour seriously,0
consider theft,0
eew location need complete overhaul,0
recently witness poor quality management guest,0
wait wait wait,0
come check regularly excellent service,1
server super nice checked time,1
pizza taste old super chewy not good way,0
swung try deeply disappointed,0
service good company well,1
staff friendly efficient,1
service m fan quick serve nice folk,1
boy sucker dry,0
rat,0
look authentic thai food,0
steak recommend,1
pull car wait minute acknowledge,0
great food great service clean friendly set,1
assure ill,1
hate thing cheap quality black olive,0
breakfast perpared great beautiful presentation giant slice toast lightly dust powder sugar,1
kid play area nasty,0
great place fo eat,1
waitress friendly happy accomodate veganveggie option,1
omg felt like never eat thai food dish,1
extremely crumby pretty tasteless,0
pale color instead nice char no flavor,0
crouton taste homemade extra plus,1
get home driest damn wing,0
ll regular stop trip phoenix,1
enjoy crema café expand told friend best breakfast,1
not good money,0
miss wish philadelphia,1
get sit fairly fast end wait minute place order minute food arrive,0
best cheese crisp town,1
good value great food great service,1
nt ask satisfy meal,1
food good,1
awesome,1
want leave,0
drive way north scottsdale not bit disappointed,1
not eat,0
owner need quit soooooo cheap let wrap freak sandwich paper not,0
checked place couple year ago not impressed,0
chicken get definitely reheat ok wedge cold soggy,0
sorry not get food anytime soon,0
absolute visit,1
cow tongue cheek taco amaze,1
friend not like bloody mary,0
despite hard rate business actually rare star,0
want experience good,1
not return,0
chicken pho taste bland,0
disappoint,0
grill chicken tender yellow saffron season,1
drive mean not want wait half hour food end go wait wait,0
pretty awesome place,1
ambience perfect,1
best luck rude noncustomer service focus new management,0
grandmother roast chicken well,0
ask multiple time wine list time ignore go hostess get,0
staff super friendly helpful especially cool bring small boy baby,1
star food guy blue shirt great vibe let eat,1
roast beef sandwich taste good,1
even drastically sick,0
highquality chicken chicken caesar salad,1
order burger rare come,0
promptly greet seat,1
try lunch madhouse,0
proven dead wrong sushi bar not quality great service fast food impeccable,1
wait hour seat not great mood,0
good joint,1
macarons insanely good,1
m not eat,0
waiter attentive friendly informative,1
maybe nt cold somewhat edible,0
place lot promise fails deliver,0
bad experience,0
mistake,0
food average best,0
great food,1
wo nt go anytime soon,0
disappointed order big bay plater,0
great place relax awesome burger beer,1
perfect sitdown family meal friend,1
not flavor poorly construct,0
patio seat comfortable,1
fry rice dry,0
hand favorite italian restaurant,1
scream legit booksomethats pretty rare vega,1
not fun experience,1
atmosphere great lovely duo violinist play song request,1
personally love hummus pita baklava falafel baba ganoush amaze eggplant,1
convenient stay mgm,1
owner super friendly staff courteous,1
great,1
eclectic selection,1
sweet potato tot good onion ring perfection close,1
staff attentive,1
chef generous time come twice picture,1
owner work nobu place similar half price,1
google mediocre imagine smashburger pop,0
nt,0
promise wo nt disappoint,1
sushi lover avoid place mean,0
great double cheeseburger,1
awesome service food,1
fantastic neighborhood gem,1
nt wait,1
plantain bad ve taste,0
great place highly recommend,1
service slow not attentive,0
give star m give star,1
staff spends time talk,0
dessert panna cotta amaze,1
good food great atmosphere,1
damn good steak,1
total brunch fail,0
price reasonable flavor spot sauce home slaw not drench mayo,1
decor nice piano music soundtrack pleasant,1
steak amazingrge fillet relleno best seafood plate,1
good food good service,1
absolutely amaze,1
probably wo nt honest,0
definitely,1
sergeant pepper beef sandwich auju sauce excellent sandwich,1
hawaiian breeze mango magic pineapple delight smoothy ve try far good,1
go lunch service slow,0
place walk expect amaze quickly disappointed,0
mortify,0
needle never,0
anyways food definitely not fill price pay expect,0
chip come drip grease not edible,0
nt impressed strip steak,0
go meal awesome,1
server nice attentive serve staff,1
cashier friendly brought food,1
work hospitality industry paradise valley refrain recommend cibo longer,0
atmosphere fun,1
not recommend,0
service quick order like like,1
mean famous fish chip terrible,0
say mouth belly pleased,1
not thing,0
thumb,1
reading nt,0
love grill pizza remind legit italian pizza,1
pro large seat area nice bar area great simple drink menu best brick oven pizza homemade dough,1
nice atmosphere,1
tonight elk filet specialand suck,0
bite hooked,1
order old classic new dish go time sorely disappointed,0
cute quaint simple honest,1
chicken deliciously season perfect fry outside moist chicken inside,1
food great compliment chef,1
special thanks dylan t recommendation order yummy tummy,1
awesome selection beer,1
great food awesome service,1
nice thing add gratuity bill party large nt expect tip,1
fly apple juice fly,0
han nan chicken tasty,1
service thought good,1
food barely lukewarm sit wait server bring,0
ryans bar definitely edinburgh establishment wo nt revisit,0
nice chinese restaurant ve,1
overall like food service,1
serve indian naan bread hummus spicy pine nut sauce world,1
probably never come nt recommend,0
friend pasta bad barely touch,0
try airport experience tasty food speedy friendly service,1
love decor chinese calligraphy wall paper,1
never complain,1
restaurant clean family restaurant feel,1
way fry,0
m not sure long stood long begin feel awkwardly place,0
open sandwich impressed not good way,0
not,0
warm feel service felt like guest special treat,1
extensive menu provide lot option breakfast,1
order vegetarian menu dinner wide array option choose,1
watch price inflate portion small management attitude grow rapidly,0
wonderful lil tapa ambience feel warm fuzzy inside,1
get enjoy seafood salad fabulous vinegrette,1
wonton thin not thick chewy melt mouth,1
level spicy perfect spice nt overwhelm soup,1
sat right time server fantastic,1
main thing nt enjoy crowd old crowd mid s,0
m town definitely spot ill hit,1
wait minute drink longer arepas,0
great place eat,1
jalapeno bacon soooo good,1
service poor s nice,0
food good service good price good,1
place not clean food oh stale,0
chicken dish ok beef like shoe leather,0
service bad,0
m happy,1
taste like dirt,0
place phoenix definately,1
block amaze,1
close house lowkey nonfancy affordable price good food,1
hot sour egg flower soup absolutely star,1
sashimi poor quality soggy tasteless,0
great time family dinner sunday night,1
food not tasty not real traditional hunan style,0
bother slow service,0
flair bartender absolutely amaze,1
frozen margarita way sugary taste,0
good order twice,1
nutshell restaraunt smell like combination dirty fish market sewer,0
girlfriend veal bad,0
unfortunately not good,0
pretty satifying experience,1
join club awesome offer email,1
perfect like beer ice cold case colder,1
bland flavorless good way describe barely tepid meat,0
chain m no fan beat place easily,0
nacho,1
not come,0
nt word place pretty,1
staff super nice quick crazy crowd downtown jury lawyer court staff,1
great atmosphere friendly fast service,1
receive pita huge lot meat thumb,1
food arrives meh,0
pay hot dog fry look like come kid meal wienerschnitzel not idea good meal,0
classic maine lobster roll fantastic,1
brother law work mall ate day guess sick night,0
good go review place twice hereas tribute place tribute event held night,1
chip salsa good salsa fresh,1
place great,1
mediocre food,0
inside ll impressed place,1
m super pissd,0
service super friendly,1
sad little vegetable overcook,0
place nice surprise,1
goldencrispy delicious,1
high hope place burger cooked charcoal grill unfortunately taste fell flat way flat,0
eat bruschetta day devine,1
not single employee come ok need water refill finally serve food,0
lastly mozzarella stick best thing order,1
time come amaze experience tell people awesome duck,1
server negligent need feel unwelcome not suggest place,0
service terrible,0
place overprice not consistent boba overprice,0
packed,0
love place,1
dessert yummy,1
food terrible,0
seasonal fruit fresh white peach puree,1
kept get bad bad m officially,0
place honestly blown,0
definitely not eat,0
not waste money,0
love food nice plastic container oppose cram little paper takeout box,1
crêpe delicate thin moist,1
awful service,0
wo nt,0
food quality horrible,0
price think place go,0
service fair best,0
love sushi found kabuki overprice overhip underservices,0
favor stay away dish,0
poor service,0
no table thought food average worth wait,0
best service food maria server good friendly day,1
excellent,1
paid bill not tip felt server terrible job,0
lunch great experience,1
never bland food surprised consider article read focus spice flavor,0
food way overprice portion fuck small,0
recently try caballeros week,1
buck head expect well food,0
food come good pace,1
ate twice visit especially enjoy salmon salad,1
wo nt,0
not believe dirty oyster,0
place deserves no star,0
not recommend place,0
fact m go round star awesome,1
disbelief dish qualify bad version food taste,0
bad day not low tolerance rude customer service people job nice polite wash dish,0
potato great biscuit,1
probably not,0
flavorful perfect heat,1
price reasonable service great,1
wife hat meal coconut shrimp friend not enjoy meal,0
fella get huevos rancheros nt look appeal,0
go happy hour great list wine,1
buffet pricey think pay place get lot,1
probably wo nt come,0
bad foodservice ve,0
place pretty good nice little vibe restaurant,1
talk great customer service course,1
hot dish not hot cold dish close room tempo watch staff prepare food bare hand no gloveseverything deep fry oil,0
love fry bean,1
pleasure deal,1
plethora salad sandwich ve try get seal approval,1
place awesome want light healthy summer,1
sushi strip place,1
service great manager come help table,1
feel din room college cooking course high class din service slow best,0
start review star m edit,0
bad sushi eat costcos,0
excellent restaurant highlight great service unique menu beautiful set,1
boyfriend sat bar completely delightful experience,1
weird vibe owner,0
hardly meat,0
ve well bagel grocery store,0
place gyro,1
love ownerchef authentic japanese cool dude,1
burger nt good pizza amaze doughy flavorless,0
found inch long piece wire salsa,0
service terrible food mediocre,0
definately enjoy,1
order albondigas soup warm taste like tomato soup frozen meatball,0
different occasion ask medium time get bloodiest piece meat plate,0
bite refuse eat anymore,0
service extremely slow,0
minute wait get table,0
seriously killer hot chai latte,1
no allergy warning menu waitress absolutely no clue meal not contain peanut,0
boyfriend try mediterranean chicken salad fell love,1
rotate beer tap highlight place,1
pricing bit concern mellow mushroom,0
bad thai,0
stay vega breakfast,1
want server great perfect service,1
pizza selection good,1
strawberry tea good,1
highly unprofessional rude loyal patron,0
overall great experience,1
spend money,0
regular toast bread equally satisfy occasional pat butter mmmm,1
buffet bellagio far anticipate,0
drink weak people,0
order not correct,0
feel like chip bought not house,0
disappoint dinner go dessert,0
chip sals amaze,1
wo nt return,0
new fav vega buffet spot,1
seriously not believe owner unexperienced employee run like chicken head cut,0
sad,0
felt insult disrespect talk judge human like,0
steakhouse nt properly cook steak nt understand,0
m not impressed concept food,0
thing nt crazy guacamole nt like puréed,0
postinos hope experience well,0
get food poison buffet,0
brought fresh batch fry think yay warm no,0
hilarious yummy christmas eve dinner remember big fail entire trip,0
needle wo nt go anytime soon,0
place disgust,0
time eat care teamwork professional degree,1
ri style calamari joke,0
garlic fondue barely edible,0
barely stomach meal nt complain business lunch,0
bad lose heart finish,0
take forever bring check ask,0
nt one scene restaurant nt itdefinitely lose love,0
disappoint experience,0
food par dennys not good,0
want wait mediocre food downright terrible service place,0
waaaaaayyyyyyyyyy rat say,0
wo nt go,0
place fairly clean food simply nt worth,0
place lack style,0
sangria half glass wine ridiculous,0
nt bother come,0
meat pretty dry slice brisket pull pork,0
building pretty neat bathroom pretty trippy nt eat,0
equally awful,0
probably not hurry,0
slow seat reservation,0
not good stretch imagination,0
cashew cream sauce bland vegetable undercooked,0
chipolte ranch dip sause tasteless thin water no heat,0
bit sweet not spicy lack flavor,0
disappointed,0
place horrible way overprice,0
maybe vegetarian fare ve twice thought average best,0
nt busy know,0
table outside dirty lot time worker not friendly helpful menu,0
ambiance not feel like buffet set douchey indoor garden tea biscuit,0
con spotty service,0
fry not hot burger,0
come cold,0
food come disappointment ensue,0
real disappointment waiter,0
husband say rude not apologize bad food,0
reason eat fill night binge drinking carbs stomach,0
insult profound deuchebaggery outside smoke break serve solidify,0
order taco nt think customer service ask combo ala cart,0
disappointed blame need place door,0
rave review nt wait eat herewhat disappointment,0
del taco pretty nasty avoid possible,0
not hard decent hamburger,0
nt like,0
hell no,0
ve gotten well service pizza place door service receive restaurant,0
nt know big deal place wo nt yaall,0
immediately say want talk manager not want talk guy shot fireball bar,0
ambiance nt well,0
unfortunately set disapppointment entree,0
food nt good,0
server suck wait correction server heimer suck,0
happen prettyoff put,0
bad cause know family own want like place,0
overprice get,0
vomit bathroom mid lunch,0
kept look time soon minute no food,0
place eat no circumstance return top list,0
start tuna sashimi brownish color obviously nt fresh,0
food average,0
sure beat nacho movie expect little bit come restaurant,0
ha long bay bit flop,0
problem charge sandwich no big subway sub offer well vegetable,0
shrimp unwrapped live mile brushfire literally ice cold,0
lack flavor undercooked dry,0
impressive place nt close,0
avoid place stay mirage,0
refried bean come meal dry crusty food bland,0
spend money time place,0
lady table found live green caterpillar salad,0
presentation food awful,0
nt tell disappointed,0
think food flavor texture lack,0
appetite instantly go,0
overall not impressed not,0
experience underwhelming think ninja sushi time,0
nt waste life pour salt wound draw time take bring check,0
